{
  "notes": "Auto-generated AprilTags world mapping for PnP calibration. corners_world order: [top-left, top-right, bottom-right, bottom-left].",
  "count": 15,
  "tags": [
    {
      "id": 2,
      "center": [
        0.05000000000000001,
        -0.7110000000000001,
        0.636
      ],
      "quat_wxyz": [
        0.0,
        0.0,
        0.0,
        1.0
      ],
      "size": 0.07,
      "plane": "table",
      "corners_world": [
        [
          0.015000000000000006,
          -0.676,
          0.636
        ],
        [
          0.08500000000000002,
          -0.676,
          0.636
        ],
        [
          0.08500000000000002,
          -0.7460000000000001,
          0.636
        ],
        [
          0.015000000000000006,
          -0.7460000000000001,
          0.636
        ]
      ]
    },
    {
      "id": 12,
      "center": [
        0.05000000000000001,
        0.7110000000000001,
        0.636
      ],
      "quat_wxyz": [
        0.0,
        0.0,
        0.0,
        1.0
      ],
      "size": 0.07,
      "plane": "table",
      "corners_world": [
        [
          0.015000000000000006,
          0.7460000000000001,
          0.636
        ],
        [
          0.08500000000000002,
          0.7460000000000001,
          0.636
        ],
        [
          0.08500000000000002,
          0.676,
          0.636
        ],
        [
          0.015000000000000006,
          0.676,
          0.636
        ]
      ]
    },
    {
      "id": 25,
      "center": [
        0.9720000000000004,
        -0.7110000000000001,
        0.636
      ],
      "quat_wxyz": [
        0.0,
        0.0,
        0.0,
        1.0
      ],
      "size": 0.07,
      "plane": "table",
      "corners_world": [
        [
          0.9370000000000004,
          -0.676,
          0.636
        ],
        [
          1.0070000000000003,
          -0.676,
          0.636
        ],
        [
          1.0070000000000003,
          -0.7460000000000001,
          0.636
        ],
        [
          0.9370000000000004,
          -0.7460000000000001,
          0.636
        ]
      ]
    },
    {
      "id": 113,
      "center": [
        0.9720000000000004,
        0.7110000000000001,
        0.636
      ],
      "quat_wxyz": [
        0.0,
        0.0,
        0.0,
        1.0
      ],
      "size": 0.07,
      "plane": "table",
      "corners_world": [
        [
          0.9370000000000004,
          0.7460000000000001,
          0.636
        ],
        [
          1.0070000000000003,
          0.7460000000000001,
          0.636
        ],
        [
          1.0070000000000003,
          0.676,
          0.636
        ],
        [
          0.9370000000000004,
          0.676,
          0.636
        ]
      ]
    },
    {
      "id": 122,
      "center": [
        0.5110000000000002,
        -0.7110000000000001,
        0.636
      ],
      "quat_wxyz": [
        0.0,
        0.0,
        0.0,
        1.0
      ],
      "size": 0.07,
      "plane": "table",
      "corners_world": [
        [
          0.4760000000000002,
          -0.676,
          0.636
        ],
        [
          0.5460000000000003,
          -0.676,
          0.636
        ],
        [
          0.5460000000000003,
          -0.7460000000000001,
          0.636
        ],
        [
          0.4760000000000002,
          -0.7460000000000001,
          0.636
        ]
      ]
    },
    {
      "id": 128,
      "center": [
        0.5110000000000002,
        0.7110000000000001,
        0.636
      ],
      "quat_wxyz": [
        0.0,
        0.0,
        0.0,
        1.0
      ],
      "size": 0.07,
      "plane": "table",
      "corners_world": [
        [
          0.4760000000000002,
          0.7460000000000001,
          0.636
        ],
        [
          0.5460000000000003,
          0.7460000000000001,
          0.636
        ],
        [
          0.5460000000000003,
          0.676,
          0.636
        ],
        [
          0.4760000000000002,
          0.676,
          0.636
        ]
      ]
    },
    {
      "id": 137,
      "center": [
        0.05000000000000001,
        0.0,
        0.636
      ],
      "quat_wxyz": [
        0.0,
        0.0,
        0.0,
        1.0
      ],
      "size": 0.07,
      "plane": "table",
      "corners_world": [
        [
          0.015000000000000006,
          0.035,
          0.636
        ],
        [
          0.08500000000000002,
          0.035,
          0.636
        ],
        [
          0.08500000000000002,
          -0.035,
          0.636
        ],
        [
          0.015000000000000006,
          -0.035,
          0.636
        ]
      ]
    },
    {
      "id": 140,
      "center": [
        0.9720000000000004,
        0.0,
        0.636
      ],
      "quat_wxyz": [
        0.0,
        0.0,
        0.0,
        1.0
      ],
      "size": 0.07,
      "plane": "table",
      "corners_world": [
        [
          0.9370000000000004,
          0.035,
          0.636
        ],
        [
          1.0070000000000003,
          0.035,
          0.636
        ],
        [
          1.0070000000000003,
          -0.035,
          0.636
        ],
        [
          0.9370000000000004,
          -0.035,
          0.636
        ]
      ]
    },
    {
      "id": 180,
      "center": [
        0.5110000000000002,
        0.0,
        0.636
      ],
      "quat_wxyz": [
        0.0,
        0.0,
        0.0,
        1.0
      ],
      "size": 0.07,
      "plane": "table",
      "corners_world": [
        [
          0.4760000000000002,
          0.035,
          0.636
        ],
        [
          0.5460000000000003,
          0.035,
          0.636
        ],
        [
          0.5460000000000003,
          -0.035,
          0.636
        ],
        [
          0.4760000000000002,
          -0.035,
          0.636
        ]
      ]
    },
    {
      "id": 204,
      "center": [
        0.02,
        -0.7110000000000001,
        0.776
      ],
      "quat_wxyz": [
        0.0,
        0.7071067811865475,
        0.0,
        0.7071067811865476
      ],
      "size": 0.07,
      "plane": "wall",
      "corners_world": [
        [
          0.019999999999999993,
          -0.676,
          0.811
        ],
        [
          0.020000000000000007,
          -0.676,
          0.741
        ],
        [
          0.020000000000000007,
          -0.7460000000000001,
          0.741
        ],
        [
          0.019999999999999993,
          -0.7460000000000001,
          0.811
        ]
      ]
    },
    {
      "id": 211,
      "center": [
        0.02,
        0.0,
        0.776
      ],
      "quat_wxyz": [
        0.0,
        0.7071067811865475,
        0.0,
        0.7071067811865476
      ],
      "size": 0.07,
      "plane": "wall",
      "corners_world": [
        [
          0.019999999999999993,
          0.035,
          0.811
        ],
        [
          0.020000000000000007,
          0.035,
          0.741
        ],
        [
          0.020000000000000007,
          -0.035,
          0.741
        ],
        [
          0.019999999999999993,
          -0.035,
          0.811
        ]
      ]
    },
    {
      "id": 220,
      "center": [
        0.02,
        0.7110000000000001,
        0.776
      ],
      "quat_wxyz": [
        0.0,
        0.7071067811865475,
        0.0,
        0.7071067811865476
      ],
      "size": 0.07,
      "plane": "wall",
      "corners_world": [
        [
          0.019999999999999993,
          0.7460000000000001,
          0.811
        ],
        [
          0.020000000000000007,
          0.7460000000000001,
          0.741
        ],
        [
          0.020000000000000007,
          0.676,
          0.741
        ],
        [
          0.019999999999999993,
          0.676,
          0.811
        ]
      ]
    },
    {
      "id": 225,
      "center": [
        0.02,
        -0.7110000000000001,
        0.976
      ],